Date&Time,Cloudfactor,Windspeed,powerProduction_WindTurbinePowerPlant@16/7_Bus0,powerProductionOptimal_WindTurbinePowerPlant@16/7_Bus0,powerProduction_SolarPowerPlant@12/5_Bus0,powerProductionOptimal_SolarPowerPlant@12/5_Bus0,powerProduction_SolarPowerPlant@20/7_Bus0,powerProductionOptimal_SolarPowerPlant@20/7_Bus0,Column1
2017.09.01   00.00,0.441,2.13,29.5232,400,0.0003,250,0,300,
2017.09.01   01.00,0.403,1.47,4.0878,400,0,250,0,300,
2017.09.01   02.00,0.18,2.086,25.8773,400,0,250,0,300,
2017.09.01   03.00,0.41,2.399,66.0908,400,0,250,0,300,
2017.09.01   04.00,0.417,3.469,400,400,0,250,0,300,
2017.09.01   05.00,0.444,0.421,0,400,0,250,0,300,
2017.09.01   06.00,0.394,1.209,1.8703,400,0,250,0,300,
2017.09.01   07.00,0.369,1.434,3.6698,400,0,250,0,300,
2017.09.01   08.00,0.29,0.771,0,400,0,250,0,300,
2017.09.01   09.00,0.053,2.074,24.9635,400,0.0002,250,0,300,
2017.09.01   10.00,0,2.437,74.0594,400,8.548,250,0.0402,300,
2017.09.01   11.00,0,2.592,117.8256,400,123.35,250,136.9689,300,
2017.09.01   12.00,0.122,1.922,15.8325,400,159.8726,250,203.114,300,
2017.09.01   13.00,0.304,1.962,17.8481,400,147.7653,250,189.5368,300,
2017.09.01   14.00,0.25,2.911,306.3856,400,172.1199,250,220.446,300,
2017.09.01   15.00,0.016,1.327,2.6634,400,235.3443,250,300.7025,300,
2017.09.01   16.00,0,1.258,2.166,400,243.6373,250,310.7906,300,
2017.09.01   17.00,0,1.444,3.7814,400,243.7851,250,310.7817,300,
2017.09.01   18.00,0,1.287,2.3626,400,239.6408,250,305.5626,300,
2017.09.01   19.00,0.277,1.717,8.5672,400,166.5633,250,212.4659,300,
2017.09.01   20.00,0.341,2.378,62.0611,400,140.9102,250,179.3806,300,
2017.09.01   21.00,0.46,1.65,7.0092,400,99.7777,250,124.7737,300,
2017.09.01   22.00,0.318,2.331,53.9102,400,87.8456,250,92.8331,300,
2017.09.01   23.00,0.563,1.748,9.4009,400,6.087,250,0.0158,300,
2017.09.02   00.00,0.409,1.404,3.3544,400,0.0002,250,0,300,
2017.09.02   01.00,0.576,2.95,344.3567,400,0,250,0,300,
2017.09.02   02.00,0.78,1.759,9.7159,400,0,250,0,300,
2017.09.02   03.00,0.734,2.148,31.1589,400,0,250,0,300,
2017.09.02   04.00,0.511,3.348,400,400,0,250,0,300,
2017.09.02   05.00,0.585,2.04,22.5461,400,0,250,0,300,
2017.09.02   06.00,0.55,2.013,20.7943,400,0,250,0,300,
2017.09.02   07.00,0.306,1.892,14.4717,400,0,250,0,300,
2017.09.02   08.00,0.403,2.107,27.5575,400,0,250,0,300,
2017.09.02   09.00,0.514,1.445,3.7928,400,0.0001,250,0,300,
2017.09.02   10.00,0.581,0.662,0,400,2.9866,250,0.016,300,
2017.09.02   11.00,0.663,1.024,1.0745,400,40.9905,250,46.0466,300,
2017.09.02   12.00,0.706,3.159,400,400,53.2834,250,67.9829,300,
2017.09.02   13.00,0.729,1.08,1.2708,400,57.3877,250,73.784,300,
2017.09.02   14.00,0.843,2.578,112.9862,400,35.9655,250,46.1388,300,
2017.09.02   15.00,0.606,1.857,13.0312,400,94.092,250,120.3806,300,
2017.09.02   16.00,0.457,1.921,15.7852,400,132.1066,250,168.7191,300,
2017.09.02   17.00,0.655,1.666,7.3534,400,83.9787,250,107.1848,300,
2017.09.02   18.00,0.429,2.457,78.6323,400,136.5908,250,174.3935,300,
2017.09.02   19.00,0.406,1.417,3.4876,400,136.5221,250,174.4259,300,
2017.09.02   20.00,0.569,2.772,202.0343,400,91.8283,250,117.1595,300,
2017.09.02   21.00,0.512,2.088,26.0328,400,89.563,250,112.4031,300,
2017.09.02   22.00,0.478,1.043,1.1375,400,65.929,250,70.0071,300,
2017.09.02   23.00,0.501,1.404,3.3544,400,5.51,250,0.0144,300,
2017.09.03   00.00,0.656,1.651,7.0303,400,0.0001,250,0,300,
2017.09.03   01.00,0.74,1.976,18.6125,400,0,250,0,300,
2017.09.03   02.00,0.928,2.784,209.4293,400,0,250,0,300,
2017.09.03   03.00,0.877,2.36,58.8032,400,0,250,0,300,
2017.09.03   04.00,1,1.214,1.8985,400,0,250,0,300,
2017.09.03   05.00,0.957,2.388,63.9484,400,0,250,0,300,
2017.09.03   06.00,0.757,1.17,1.6641,400,0,250,0,300,
2017.09.03   07.00,0.738,0.226,0,400,0,250,0,300,
2017.09.03   08.00,0.649,1.002,1.006,400,0,250,0,300,
2017.09.03   09.00,0.634,1.026,1.081,400,0,250,0,300,
2017.09.03   10.00,0.494,2.103,27.2293,400,2.9763,250,0.0184,300,
2017.09.03   11.00,0.404,1.375,3.0753,400,71.4482,250,81.2386,300,
2017.09.03   12.00,0.534,1.562,5.3849,400,84.0519,250,107.7064,300,
2017.09.03   13.00,0.701,2.671,149.2867,400,63.1514,250,81.3895,300,
2017.09.03   14.00,0.476,2.081,25.4926,400,119.8168,250,153.964,300,
2017.09.03   15.00,0.494,3.039,400,400,120.6536,250,154.5698,300,
2017.09.03   16.00,0.428,2.245,41.6661,400,138.9594,250,177.6856,300,
2017.09.03   17.00,0.521,0.704,0,400,116.4162,250,148.7657,300,
2017.09.03   18.00,0.595,0.844,0,400,96.7045,250,123.6334,300,
2017.09.03   19.00,0.372,1.578,5.6493,400,143.9878,250,184.267,300,
2017.09.03   20.00,0.505,0.962,0,400,105.0758,250,134.3691,300,
2017.09.03   21.00,0.659,2.119,28.5662,400,62.1484,250,78.2894,300,
2017.09.03   22.00,0.608,3.06,400,400,48.494,250,51.7645,300,
2017.09.03   23.00,0.58,2.956,350.6022,400,3.586,250,0.0097,300,
2017.09.04   00.00,0.533,2.224,39.1256,400,0.0001,250,0,300,
2017.09.04   01.00,0.407,1.793,10.7576,400,0,250,0,300,
2017.09.04   02.00,0.418,3.222,400,400,0,250,0,300,
2017.09.04   03.00,0.388,3.571,400,400,0,250,0,300,
2017.09.04   04.00,0.161,2.239,40.9238,400,0,250,0,300,
2017.09.04   05.00,0.038,1.715,8.516,400,0,250,0,300,
2017.09.04   06.00,0.28,1.845,12.571,400,0,250,0,300,
2017.09.04   07.00,0.093,1.247,2.0958,400,0,250,0,300,
2017.09.04   08.00,0.035,1.547,5.1483,400,0,250,0,300,
2017.09.04   09.00,0.043,1.389,3.207,400,0.0001,250,0,300,
2017.09.04   10.00,0.184,0.672,0,400,3.921,250,0.0283,300,
2017.09.04   11.00,0,2.493,87.5866,400,118.0869,250,135.9765,300,
2017.09.04   12.00,0.128,1.348,2.8363,400,156.511,250,201.4519,300,
2017.09.04   13.00,0,1.886,14.2139,400,210.6446,250,272.1429,300,
2017.09.04   14.00,0,1.472,4.1123,400,228.2283,250,293.7679,300,
2017.09.04   15.00,0.221,1.906,15.0915,400,185.4583,250,237.9142,300,
2017.09.04   16.00,0.256,2.369,60.4102,400,180.4753,250,231.055,300,
2017.09.04   17.00,0.48,1.214,1.8985,400,126.1809,250,161.4424,300,
2017.09.04   18.00,0.271,1.845,12.571,400,173.7426,250,222.4271,300,
2017.09.04   19.00,0.193,1.528,4.8634,400,184.5707,250,236.6002,300,
2017.09.04   20.00,0.354,1.761,9.7743,400,136.6104,250,175.1074,300,
2017.09.04   21.00,0.149,1.688,7.8543,400,153.9807,250,194.7286,300,
2017.09.04   22.00,0.276,1.856,12.9922,400,87.6246,250,94.0737,300,
2017.09.04   23.00,0.076,2.105,27.3929,400,5.948,250,0.0171,300,
2017.09.05   00.00,0.261,0.416,0,400,0.0001,250,0,300,
2017.09.05   01.00,0.284,2.18,34.2938,400,0,250,0,300,
2017.09.05   02.00,0.088,0.548,0,400,0,250,0,300,
2017.09.05   03.00,0,1.192,1.7775,400,0,250,0,300,
2017.09.05   04.00,0.217,1.699,8.1175,400,0,250,0,300,
2017.09.05   05.00,0.154,1.9,14.8227,400,0,250,0,300,
2017.09.05   06.00,0.15,1.398,3.2947,400,0,250,0,300,
2017.09.05   07.00,0.122,1.085,1.29,400,0,250,0,300,
2017.09.05   08.00,0.174,0.7,0,400,0,250,0,300,
2017.09.05   09.00,0,2.095,26.5845,400,0.0001,250,0,300,
2017.09.05   10.00,0,1.742,9.2335,400,3.8881,250,0.0331,300,
2017.09.05   11.00,0.274,3.013,400,400,84.4009,250,98.4798,300,
2017.09.05   12.00,0.343,2.534,99.033,400,117.3299,250,151.7103,300,
2017.09.05   13.00,0.433,2.02,21.2349,400,119.1097,250,154.2677,300,
2017.09.05   14.00,0.364,1.58,5.6833,400,144.8746,250,186.7985,300,
2017.09.05   15.00,0.477,2.55,103.8954,400,124.3125,250,159.694,300,
2017.09.05   16.00,0.52,2.652,141.0268,400,116.2585,250,149.0269,300,
2017.09.05   17.00,0.503,1.3,2.4565,400,120.4047,250,154.2451,300,
2017.09.05   18.00,0.304,3.004,400,400,165.5603,250,212.247,300,
2017.09.05   19.00,0.329,1.051,1.1651,400,153.0764,250,196.5656,300,
2017.09.05   20.00,0.574,1.376,3.0845,400,89.7364,250,115.3036,300,
2017.09.05   21.00,0.613,0.342,0,400,69.5023,250,88.2517,300,
2017.09.05   22.00,0.795,2.761,195.4852,400,24.2424,250,26.1916,300,
2017.09.05   23.00,0.72,1.349,2.8449,400,1.3259,250,0.0041,300,
2017.09.06   00.00,0.945,3.205,400,400,0,250,0,300,
2017.09.06   01.00,0.808,2.327,53.2681,400,0,250,0,300,
2017.09.06   02.00,0.684,2.104,27.311,400,0,250,0,300,
2017.09.06   03.00,0.906,1.599,6.0161,400,0,250,0,300,
2017.09.06   04.00,0.843,2.148,31.1589,400,0,250,0,300,
2017.09.06   05.00,0.83,1.368,3.0115,400,0,250,0,300,
2017.09.06   06.00,0.732,2.425,71.4443,400,0,250,0,300,
2017.09.06   07.00,0.784,1.376,3.0845,400,0,250,0,300,
2017.09.06   08.00,0.584,1.66,7.2224,400,0,250,0,300,
2017.09.06   09.00,0.476,0.797,0,400,0,250,0,300,
2017.09.06   10.00,0.632,1.996,19.7618,400,1.1475,250,0.0116,300,
2017.09.06   11.00,0.73,2.389,64.1403,400,30.8831,250,36.5357,300,
2017.09.06   12.00,0.851,0.994,0,400,26.4723,250,34.3895,300,
2017.09.06   13.00,0.861,2.062,24.0821,400,29.1184,250,37.8091,300,
2017.09.06   14.00,0.725,1.29,2.384,400,62.5196,250,80.7524,300,
2017.09.06   15.00,0.525,1.675,7.5543,400,112.7188,250,145.0038,300,
2017.09.06   16.00,0.636,2.118,28.4808,400,88.0256,250,112.9797,300,
2017.09.06   17.00,0.796,2.217,38.3137,400,49.3399,250,63.2878,300,
2017.09.06   18.00,0.764,2.422,70.8051,400,56.0283,250,71.9298,300,
2017.09.06   19.00,0.893,1.861,13.1882,400,24.3466,250,31.3186,300,
2017.09.06   20.00,0.678,1.59,5.8561,400,67.5579,250,87.023,300,
2017.09.06   21.00,0.586,2.305,49.8706,400,73.7777,250,94.0773,300,
2017.09.06   22.00,0.569,2.182,34.4999,400,49.7319,250,54.1056,300,
2017.09.06   23.00,0.786,2.732,179.219,400,0.7287,250,0.0025,300,
2017.09.07   00.00,0.872,2.168,33.0829,400,0,250,0,300,
2017.09.07   01.00,0.763,2.554,105.1479,400,0,250,0,300,
2017.09.07   02.00,0.765,2.36,58.8032,400,0,250,0,300,
2017.09.07   03.00,0.791,1.637,6.7415,400,0,250,0,300,
2017.09.07   04.00,0.555,2.443,75.4026,400,0,250,0,300,
2017.09.07   05.00,0.747,1.123,1.4455,400,0,250,0,300,
2017.09.07   06.00,0.92,2.074,24.9635,400,0,250,0,300,
2017.09.07   07.00,0.677,1.66,7.2224,400,0,250,0,300,
2017.09.07   08.00,0.579,2.626,130.4592,400,0,250,0,300,
2017.09.07   09.00,0.391,1.736,9.069,400,0,250,0,300,
2017.09.07   10.00,0.248,3.166,400,400,1.8656,250,0.0227,300,
2017.09.07   11.00,0.307,1.773,10.132,400,77.94,250,93.5457,300,
2017.09.07   12.00,0.169,1.808,11.2521,400,146.8628,250,191.7008,300,
2017.09.07   13.00,0.018,1.347,2.8279,400,205.1282,250,267.041,300,
2017.09.07   14.00,0,2.316,51.5413,400,226.8891,250,293.5787,300,
2017.09.07   15.00,0.168,2.418,69.9617,400,197.1061,250,253.9233,300,
2017.09.07   16.00,0.13,0.759,0,400,210.0566,250,269.9533,300,
2017.09.07   17.00,0.051,0.893,0,400,229.1389,250,294.2963,300,
2017.09.07   18.00,0.084,2.156,31.9147,400,217.0301,250,279.0292,300,
2017.09.07   19.00,0.261,1.517,4.7058,400,167.703,250,216.1159,300,
2017.09.07   20.00,0.106,0.958,0,400,186.7971,250,241.2373,300,
2017.09.07   21.00,0,2.338,55.0526,400,176.7839,250,226.4207,300,
2017.09.07   22.00,0.096,2.101,27.0666,400,101.6282,250,111.4174,300,
2017.09.07   23.00,0,3.514,400,400,2.399,250,0.0094,300,
2017.09.08   00.00,0.275,1.27,2.2453,400,0,250,0,300,
2017.09.08   01.00,0.37,1.621,6.426,400,0,250,0,300,
2017.09.08   02.00,0.42,1.647,6.9465,400,0,250,0,300,
2017.09.08   03.00,0.273,1.746,9.3448,400,0,250,0,300,
2017.09.08   04.00,0.51,2.802,221.0325,400,0,250,0,300,
2017.09.08   05.00,0.316,2.221,38.7755,400,0,250,0,300,
2017.09.08   06.00,0.271,2.94,334.1937,400,0,250,0,300,
2017.09.08   07.00,0.429,1.083,1.2823,400,0,250,0,300,
2017.09.08   08.00,0.344,1.925,15.9754,400,0,250,0,300,
2017.09.08   09.00,0.193,2.288,47.3944,400,0,250,0,300,
2017.09.08   10.00,0.029,1.141,1.5256,400,1.9027,250,0.0281,300,
2017.09.08   11.00,0,2.737,181.9236,400,110.5104,250,134.6545,300,
2017.09.08   12.00,0,0.7,0,400,175.776,250,230.5688,300,
2017.09.08   13.00,0.05,2.573,111.3064,400,197.8667,250,258.2671,300,
2017.09.08   14.00,0,2.027,21.6849,400,226.4256,250,293.5087,300,
2017.09.08   15.00,0.254,3.26,400,400,176.4308,250,227.6179,300,
2017.09.08   16.00,0.12,1.734,9.0148,400,212.126,250,272.9711,300,
2017.09.08   17.00,0.046,1.405,3.3645,400,229.9478,250,295.726,300,
2017.09.08   18.00,0,2.384,63.1867,400,236.4469,250,304.4416,300,
2017.09.08   19.00,0,1.479,4.1995,400,226.313,250,292.1837,300,
2017.09.08   20.00,0.181,1.203,1.837,400,170.4041,250,220.6495,300,
2017.09.08   21.00,0.112,3.403,400,400,155.686,250,200.3181,300,
2017.09.08   22.00,0,2.444,75.6288,400,109.3525,250,120.9065,300,
2017.09.08   23.00,0.248,2.484,85.2567,400,1.2495,250,0.0057,300,
2017.09.09   00.00,0.26,2.238,40.8014,400,0,250,0,300,
2017.09.09   01.00,0.049,1.941,16.7598,400,0,250,0,300,
2017.09.09   02.00,0,1.509,4.5944,400,0,250,0,300,
2017.09.09   03.00,0.097,3.127,400,400,0,250,0,300,
2017.09.09   04.00,0.328,2.154,31.7241,400,0,250,0,300,
2017.09.09   05.00,0.184,1.322,2.6238,400,0,250,0,300,
2017.09.09   06.00,0,0.889,0,400,0,250,0,300,
2017.09.09   07.00,0.028,3.045,400,400,0,250,0,300,
2017.09.09   08.00,0.186,1.069,1.2296,400,0,250,0,300,
2017.09.09   09.00,0.123,1.752,9.5143,400,0,250,0,300,
2017.09.09   10.00,0,1.683,7.7376,400,1.5381,250,0.0276,300,
2017.09.09   11.00,0.059,0.505,0,400,102.1074,250,126.3953,300,
2017.09.09   12.00,0.261,0.734,0,400,129.1796,250,170.3005,300,
2017.09.09   13.00,0.48,2.565,108.6706,400,107.9842,250,141.3259,300,
2017.09.09   14.00,0.678,1.54,5.0415,400,72.757,250,94.486,300,
2017.09.09   15.00,0.688,2.038,22.4114,400,73.6602,250,95.1711,300,
2017.09.09   16.00,0.638,1.112,1.3987,400,87.1162,250,112.2539,300,
2017.09.09   17.00,0.511,1.295,2.4199,400,117.6581,250,151.5187,300,
2017.09.09   18.00,0.596,2.39,64.3327,400,95.3243,250,122.9215,300,
2017.09.09   19.00,0.424,0.888,0,400,129.9919,250,168.1442,300,
2017.09.09   20.00,0.624,2.927,321.4288,400,77.8927,250,101.1353,300,
2017.09.09   21.00,0.812,3.004,400,400,32.6783,250,42.2489,300,
2017.09.09   22.00,0.953,2.269,44.7721,400,4.9905,250,5.5698,300,
2017.09.09   23.00,0.914,2.377,61.8754,400,0.0976,250,0.0005,300,
2017.09.10   00.00,1,1.979,18.7806,400,0,250,0,300,
2017.09.10   01.00,0.859,0.619,0,400,0,250,0,300,
2017.09.10   02.00,0.623,2.06,23.9382,400,0,250,0,300,
2017.09.10   03.00,0.407,1.024,1.0745,400,0,250,0,300,
2017.09.10   04.00,0.457,1.688,7.8543,400,0,250,0,300,
2017.09.10   05.00,0.419,3.007,400,400,0,250,0,300,
2017.09.10   06.00,0.36,2.174,33.6829,400,0,250,0,300,
2017.09.10   07.00,0.316,1.874,13.712,400,0,250,0,300,
2017.09.10   08.00,0.082,2.218,38.4286,400,0,250,0,300,
2017.09.10   09.00,0.312,1.659,7.2008,400,0,250,0,300,
2017.09.10   10.00,0.097,1.082,1.2785,400,1.0844,250,0.0239,300,
2017.09.10   11.00,0.283,2.455,78.1625,400,76.3345,250,96.066,300,
2017.09.10   12.00,0.166,1.585,5.769,400,144.9586,250,192.0883,300,
2017.09.10   13.00,0,2.191,35.4427,400,207.0315,250,271.6974,300,
2017.09.10   14.00,0,1.251,2.1211,400,225.4721,250,293.3574,300,
2017.09.10   15.00,0.016,2.175,33.7839,400,231.8999,250,300.0704,300,
2017.09.10   16.00,0,2.898,294.6829,400,240.2447,250,309.989,300,
2017.09.10   17.00,0.155,0.313,0,400,202.9479,250,261.7123,300,
2017.09.10   18.00,0.366,1.261,2.1856,400,149.2725,250,192.7838,300,
2017.09.10   19.00,0.206,1.759,9.7159,400,178.6773,250,231.5653,300,
2017.09.10   20.00,0.393,1.98,18.8369,400,125.1869,250,162.9983,300,
2017.09.10   21.00,0.6,2.527,96.9779,400,68.9115,250,89.5418,300,
2017.09.10   22.00,0.531,1.669,7.4198,400,48.2601,250,54.4269,300,
2017.09.10   23.00,0.585,1.832,12.0909,400,0.3185,250,0.002,300,
2017.09.11   00.00,0.531,1.176,1.6943,400,0,250,0,300,
2017.09.11   01.00,0.441,2.638,135.2344,400,0,250,0,300,
2017.09.11   02.00,0.461,1.231,1.9977,400,0,250,0,300,
2017.09.11   03.00,0.327,1.043,1.1375,400,0,250,0,300,
2017.09.11   04.00,0.441,2.078,25.2645,400,0,250,0,300,
2017.09.11   05.00,0.364,2.325,52.9499,400,0,250,0,300,
2017.09.11   06.00,0.509,1.621,6.426,400,0,250,0,300,
2017.09.11   07.00,0.536,2.633,133.2239,400,0,250,0,300,
2017.09.11   08.00,0.7,1.605,6.1252,400,0,250,0,300,
2017.09.11   09.00,0.649,2.149,31.2524,400,0,250,0,300,
2017.09.11   10.00,0.673,2.135,29.9688,400,0.3053,250,0.0083,300,
2017.09.11   11.00,0.542,1.973,18.446,400,47.8025,250,61.2084,300,
2017.09.11   12.00,0.774,2.441,74.9522,400,39.0528,250,52.0234,300,
2017.09.11   13.00,0.753,1.277,2.2929,400,50.9782,250,67.0877,300,
2017.09.11   14.00,0.814,1.931,16.2652,400,41.8466,250,54.5493,300,
2017.09.11   15.00,0.941,2.036,22.2775,400,13.8793,250,17.9867,300,
2017.09.11   16.00,1,2.321,52.3191,400,0,250,0,300,
2017.09.11   17.00,0.988,1.813,11.4219,400,2.8768,250,3.715,300,
2017.09.11   18.00,1,1.446,3.8042,400,0,250,0,300,
2017.09.11   19.00,0.987,1.922,15.8325,400,2.9169,250,3.7877,300,
2017.09.11   20.00,0.793,3.082,400,400,42.496,250,55.4916,300,
2017.09.11   21.00,0.983,1.721,8.6705,400,2.9018,250,3.7904,300,
2017.09.11   22.00,0.951,2.592,117.8256,400,4.876,250,5.5632,300,
2017.09.11   23.00,1,2.631,132.428,400,0,250,0,300,
2017.09.12   00.00,0.862,1.976,18.6125,400,0,250,0,300,
2017.09.12   01.00,0.773,1.639,6.782,400,0,250,0,300,
2017.09.12   02.00,0.727,1.763,9.833,400,0,250,0,300,
2017.09.12   03.00,0.635,2.084,25.7227,400,0,250,0,300,
2017.09.12   04.00,0.694,2.902,298.2353,400,0,250,0,300,
2017.09.12   05.00,0.718,0.276,0,400,0,250,0,300,
2017.09.12   06.00,0.891,1.074,1.2482,400,0,250,0,300,
2017.09.12   07.00,0.718,3.094,400,400,0,250,0,300,
2017.09.12   08.00,0.819,0.703,0,400,0,250,0,300,
2017.09.12   09.00,0.582,2.137,30.1489,400,0,250,0,300,
2017.09.12   10.00,0.653,2.042,22.6816,400,0.2509,250,0.0084,300,
2017.09.12   11.00,0.747,2.515,93.5536,400,25.8651,250,33.7245,300,
2017.09.12   12.00,0.984,0.405,0,400,2.7483,250,3.6809,300,
2017.09.12   13.00,1,2.453,77.6956,400,0,250,0,300,
2017.09.12   14.00,0.79,1.852,12.8374,400,47.1413,250,61.57,300,
2017.09.12   15.00,1,1.572,5.5487,400,0,250,0,300,
2017.09.12   16.00,0.899,1.806,11.1849,400,24.1799,250,31.2865,300,
2017.09.12   17.00,0.993,3.239,400,400,1.675,250,2.166,300,
2017.09.12   18.00,0.757,0.811,0,400,56.9601,250,73.7964,300,
2017.09.12   19.00,0.512,1.776,10.2235,400,109.1665,250,142.0463,300,
2017.09.12   20.00,0.687,2.239,40.9238,400,63.9552,250,83.7622,300,
2017.09.12   21.00,0.496,2.831,241.0937,400,85.211,250,111.9147,300,
2017.09.12   22.00,0.665,1.51,4.6081,400,32.1624,250,37.1722,300,
2017.09.12   23.00,0.793,1.795,10.8223,400,0.0712,250,0.0006,300,
2017.09.13   00.00,0.767,1.058,1.1898,400,0,250,0,300,
2017.09.13   01.00,0.559,1.848,12.6845,400,0,250,0,300,
2017.09.13   02.00,0.798,1.603,6.0887,400,0,250,0,300,
2017.09.13   03.00,1,1.182,1.725,400,0,250,0,300,
2017.09.13   04.00,0.925,2.117,28.3956,400,0,250,0,300,
2017.09.13   05.00,0.863,1.642,6.8432,400,0,250,0,300,
2017.09.13   06.00,1,2.206,37.0717,400,0,250,0,300,
2017.09.13   07.00,1,1.245,2.0833,400,0,250,0,300,
2017.09.13   08.00,0.722,0.702,0,400,0,250,0,300,
2017.09.13   09.00,0.594,1.217,1.9157,400,0,250,0,300,
2017.09.13   10.00,0.478,2.308,50.3208,400,0.2915,250,0.0121,300,
2017.09.13   11.00,0.629,2.58,113.6652,400,37.1175,250,49.3241,300,
2017.09.13   12.00,0.688,1.75,9.4574,400,53.2635,250,71.7349,300,
2017.09.13   13.00,0.725,2.41,68.305,400,56.3939,250,74.6413,300,
2017.09.13   14.00,0.792,1.251,2.1211,400,46.5864,250,60.965,300,
2017.09.13   15.00,0.833,2.566,108.9966,400,39.1385,250,50.8795,300,
2017.09.13   16.00,0.895,0.975,0,400,25.0922,250,32.5133,300,
2017.09.13   17.00,0.764,1.319,2.6003,400,56.3614,250,72.9914,300,
2017.09.13   18.00,0.65,2.517,94.1158,400,81.8534,250,106.2207,300,
2017.09.13   19.00,0.796,1.746,9.3448,400,45.495,250,59.3204,300,
2017.09.13   20.00,0.765,1.889,14.3422,400,47.7856,250,62.7772,300,
2017.09.13   21.00,0.668,1.651,7.0303,400,55.5767,250,73.4136,300,
2017.09.13   22.00,0.777,1.426,3.5829,400,20.6029,250,24.1582,300,
2017.09.13   23.00,0.943,2.357,58.2771,400,0.0131,250,0.0001,300,
2017.09.14   00.00,0.817,0.687,0,400,0,250,0,300,
2017.09.14   01.00,0.838,1.907,15.1368,400,0,250,0,300,
2017.09.14   02.00,0.653,2.78,206.9347,400,0,250,0,300,
2017.09.14   03.00,0.664,2.2,36.4113,400,0,250,0,300,
2017.09.14   04.00,0.877,2.739,183.0169,400,0,250,0,300,
2017.09.14   05.00,0.812,1.485,4.2756,400,0,250,0,300,
2017.09.14   06.00,1,1.768,9.9814,400,0,250,0,300,
2017.09.14   07.00,0.793,2.993,391.6993,400,0,250,0,300,
2017.09.14   08.00,0.73,1.734,9.0148,400,0,250,0,300,
2017.09.14   09.00,0.561,2.407,67.6939,400,0,250,0,300,
2017.09.14   10.00,0.569,2.757,193.1567,400,0.1855,250,0.0096,300,
2017.09.14   11.00,0.712,2.012,20.7321,400,28.1697,250,38.1871,300,
2017.09.14   12.00,0.842,1.487,4.3013,400,26.8036,250,36.3046,300,
2017.09.14   13.00,0.825,1.699,8.1175,400,35.7682,250,47.4815,300,
2017.09.14   14.00,0.823,2.159,32.2028,400,39.5515,250,51.8623,300,
2017.09.14   15.00,0.999,1.766,9.9218,400,0.2339,250,0.3046,300,
2017.09.14   16.00,0.979,1.529,4.878,400,5.0092,250,6.5001,300,
2017.09.14   17.00,0.893,2.874,274.2396,400,25.5035,250,33.0771,300,
2017.09.14   18.00,0.921,1.433,3.6589,400,18.4323,250,23.9592,300,
2017.09.14   19.00,0.87,2.124,28.9973,400,28.9008,250,37.7634,300,
2017.09.14   20.00,1,3.257,400,400,0,250,0,300,
2017.09.14   21.00,1,2.005,20.3018,400,0,250,0,300,
2017.09.14   22.00,1,0.757,0,400,0,250,0,300,
2017.09.14   23.00,0.808,1.612,6.255,400,0.0293,250,0.0004,300,
2017.09.15   00.00,0.596,0.951,0,400,0,250,0,300,
2017.09.15   01.00,0.564,0.642,0,400,0,250,0,300,
2017.09.15   02.00,0.314,2.601,121.0456,400,0,250,0,300,
2017.09.15   03.00,0.432,0.343,0,400,0,250,0,300,
2017.09.15   04.00,0.667,2.001,20.06,400,0,250,0,300,
2017.09.15   05.00,0.678,1.527,4.8489,400,0,250,0,300,
2017.09.15   06.00,0.751,2.391,64.5257,400,0,250,0,300,
2017.09.15   07.00,0.65,2.33,53.7489,400,0,250,0,300,
2017.09.15   08.00,0.449,1.698,8.0932,400,0,250,0,300,
2017.09.15   09.00,0.481,1.205,1.848,400,0,250,0,300,
2017.09.15   10.00,0.592,1.346,2.8194,400,0.1351,250,0.0087,300,
2017.09.15   11.00,0.438,1.228,1.9799,400,53.6854,250,74.3151,300,
2017.09.15   12.00,0.269,1.767,9.9515,400,123.2089,250,167.8574,300,
2017.09.15   13.00,0.516,2.386,63.5664,400,98.5897,250,131.2694,300,
2017.09.15   14.00,0.351,2.321,52.3191,400,144.6794,250,190.098,300,
2017.09.15   15.00,0.103,1.712,8.4398,400,209.4027,250,273.1,300,
2017.09.15   16.00,0,2.288,47.3944,400,238.0847,250,309.4033,300,
2017.09.15   17.00,0.131,1.545,5.1175,400,206.7106,250,268.4986,300,
2017.09.15   18.00,0,0.517,0,400,232.7624,250,303.0702,300,
2017.09.15   19.00,0.112,1.17,1.6641,400,196.78,250,257.6821,300,
2017.09.15   20.00,0,2.195,35.87,400,201.3034,250,266.1617,300,
2017.09.15   21.00,0.26,0.399,0,400,121.305,250,162.2203,300,
2017.09.15   22.00,0.422,2.801,220.3713,400,49.0167,250,59.4799,300,
2017.09.15   23.00,0.555,2.063,24.1543,400,0.0453,250,0.0007,300,
2017.09.16   00.00,0.727,1.52,4.7483,400,0,250,0,300,
2017.09.16   01.00,0.785,1.483,4.2501,400,0,250,0,300,
2017.09.16   02.00,0.703,2.138,30.2393,400,0,250,0,300,
2017.09.16   03.00,0.914,0.893,0,400,0,250,0,300,
2017.09.16   04.00,0.889,1.382,3.1405,400,0,250,0,300,
2017.09.16   05.00,0.8,1.688,7.8543,400,0,250,0,300,
2017.09.16   06.00,0.797,0.619,0,400,0,250,0,300,
2017.09.16   07.00,0.978,1.522,4.7768,400,0,250,0,300,
2017.09.16   08.00,0.78,2.554,105.1479,400,0,250,0,300,
2017.09.16   09.00,0.921,2.488,86.2845,400,0,250,0,300,
2017.09.16   10.00,0.807,0.906,0,400,0.0492,250,0.004,300,
2017.09.16   11.00,0.659,2.881,280.0512,400,31.7773,250,44.9661,300,
2017.09.16   12.00,0.874,1.728,8.8542,400,21.0964,250,28.9135,300,
2017.09.16   13.00,0.682,1.477,4.1744,400,64.5517,250,86.2124,300,
2017.09.16   14.00,0.558,2.966,361.2642,400,98.2958,250,129.4205,300,
2017.09.16   15.00,0.747,2.941,335.1963,400,58.9434,250,77.0002,300,
2017.09.16   16.00,0.774,1.89,14.3852,400,53.7039,250,69.8958,300,
2017.09.16   17.00,0.565,1.332,2.7036,400,103.2623,250,134.3331,300,
2017.09.16   18.00,0.522,2.282,46.5501,400,110.9889,250,144.7642,300,
2017.09.16   19.00,0.624,0.987,0,400,83.0471,250,108.9916,300,
2017.09.16   20.00,0.497,1.722,8.6965,400,100.7257,250,133.6273,300,
2017.09.16   21.00,0.646,2.196,35.9776,400,57.3901,250,77.2555,300,
2017.09.16   22.00,0.808,1.936,16.5106,400,15.5203,250,19.2212,300,
2017.09.16   23.00,0.605,2.204,36.8502,400,0.0268,250,0.0005,300,
2017.09.17   00.00,0.768,3.386,400,400,0,250,0,300,
2017.09.17   01.00,0.546,2.346,56.388,400,0,250,0,300,
2017.09.17   02.00,0.357,2.137,30.1489,400,0,250,0,300,
2017.09.17   03.00,0.441,1.963,17.9016,400,0,250,0,300,
2017.09.17   04.00,0.235,3.049,400,400,0,250,0,300,
2017.09.17   05.00,0.145,1.545,5.1175,400,0,250,0,300,
2017.09.17   06.00,0,2.927,321.4288,400,0,250,0,300,
2017.09.17   07.00,0.191,2.612,125.1009,400,0,250,0,300,
2017.09.17   08.00,0.054,0.215,0,400,0,250,0,300,
2017.09.17   09.00,0.196,2.436,73.8379,400,0,250,0,300,
2017.09.17   10.00,0,2.194,35.7627,400,0.1957,250,0.0197,300,
2017.09.17   11.00,0,2.345,56.2193,400,90.7998,250,131.4899,300,
2017.09.17   12.00,0.142,1.122,1.4412,400,142.6786,250,196.7499,300,
2017.09.17   13.00,0.347,1.505,4.5396,400,132.0854,250,176.9588,300,
2017.09.17   14.00,0.359,3.043,400,400,142.2,250,187.6205,300,
2017.09.17   15.00,0.317,1.966,18.0632,400,158.797,250,207.7918,300,
2017.09.17   16.00,0.122,1.101,1.3533,400,208.2287,250,271.4245,300,
2017.09.17   17.00,0.342,2.688,157.0864,400,155.8724,250,203.0884,300,
2017.09.17   18.00,0.476,3.426,400,400,121.3665,250,158.5795,300,
2017.09.17   19.00,0.563,1.481,4.2247,400,96.1953,250,126.535,300,
2017.09.17   20.00,0.509,1.072,1.2407,400,97.7942,250,130.1889,300,
2017.09.17   21.00,0.265,2.237,40.6794,400,117.7943,250,159.6695,300,
2017.09.17   22.00,0.486,1.256,2.1531,400,39.4493,250,49.9923,300,
2017.09.17   23.00,0.325,1.672,7.4867,400,0.0307,250,0.0007,300,
2017.09.18   00.00,0.338,1.565,5.4335,400,0,250,0,300,
2017.09.18   01.00,0.293,1.391,3.2263,400,0,250,0,300,
2017.09.18   02.00,0.464,1.958,17.6355,400,0,250,0,300,
2017.09.18   03.00,0.599,1.872,13.6301,400,0,250,0,300,
2017.09.18   04.00,0.709,2.369,60.4102,400,0,250,0,300,
2017.09.18   05.00,0.766,1.914,15.4576,400,0,250,0,300,
2017.09.18   06.00,0.666,1.751,9.4858,400,0,250,0,300,
2017.09.18   07.00,0.774,2.087,25.9549,400,0,250,0,300,
2017.09.18   08.00,0.729,1.871,13.5893,400,0,250,0,300,
2017.09.18   09.00,0.781,2.392,64.7193,400,0,250,0,300,
2017.09.18   10.00,0.688,1.988,19.2938,400,0.0469,250,0.0059,300,
2017.09.18   11.00,0.656,2.024,21.4909,400,30.3952,250,45.1005,300,
2017.09.18   12.00,0.882,1.083,1.2823,400,19.4853,250,27.0392,300,
2017.09.18   13.00,1,1.632,6.6413,400,0,250,0,300,
2017.09.18   14.00,0.831,1.499,4.4588,400,37.3968,250,49.4474,300,
2017.09.18   15.00,0.734,0.626,0,400,61.7151,250,80.8945,300,
2017.09.18   16.00,0.673,1.801,11.0186,400,77.3972,250,101.0434,300,
2017.09.18   17.00,0.571,1.341,2.7775,400,101.4082,250,132.3351,300,
2017.09.18   18.00,0.746,1.547,5.1483,400,58.6806,250,76.8112,300,
2017.09.18   19.00,0.647,1.572,5.5487,400,77.4372,250,102.0983,300,
2017.09.18   20.00,0.54,2.613,125.4762,400,91.1141,250,121.7306,300,
2017.09.18   21.00,0.585,1.231,1.9977,400,65.7197,250,89.732,300,
2017.09.18   22.00,0.476,1.753,9.5428,400,38.0165,250,49.4445,300,
2017.09.18   23.00,0.322,1.636,6.7213,400,0.0207,250,0.0006,300,
2017.09.19   00.00,0.498,2.238,40.8014,400,0,250,0,300,
2017.09.19   01.00,0.582,1.314,2.5617,400,0,250,0,300,
2017.09.19   02.00,0.578,1.764,9.8625,400,0,250,0,300,
2017.09.19   03.00,0.569,1.653,7.0725,400,0,250,0,300,
2017.09.19   04.00,0.378,2.186,34.9158,400,0,250,0,300,
2017.09.19   05.00,0.391,1.165,1.6393,400,0,250,0,300,
2017.09.19   06.00,0.522,2.361,58.9796,400,0,250,0,300,
2017.09.19   07.00,0.343,0.718,0,400,0,250,0,300,
2017.09.19   08.00,0.146,2.04,22.5461,400,0,250,0,300,
2017.09.19   09.00,0.333,1.781,10.3778,400,0,250,0,300,
2017.09.19   10.00,0.434,1.064,1.2113,400,0.0654,250,0.0103,300,
2017.09.19   11.00,0.499,2.104,27.311,400,43.0174,250,65.4873,300,
2017.09.19   12.00,0.688,1.65,7.0092,400,51.1501,250,71.4395,300,
2017.09.19   13.00,0.448,2.781,207.5556,400,110.8403,250,149.4534,300,
2017.09.19   14.00,0.425,2.943,337.2107,400,126.911,250,168.1714,300,
2017.09.19   15.00,0.419,1.381,3.1311,400,134.5105,250,176.6189,300,
2017.09.19   16.00,0.397,1.526,4.8344,400,142.4324,250,186.2416,300,
2017.09.19   17.00,0.29,2.288,47.3944,400,167.4664,250,218.8913,300,
2017.09.19   18.00,0.296,2.413,68.9216,400,162.2196,250,212.7311,300,
2017.09.19   19.00,0.138,2.259,43.4507,400,188.4302,250,249.0324,300,
2017.09.19   20.00,0.187,1.338,2.7526,400,160.1214,250,214.7168,300,
2017.09.19   21.00,0.274,2.079,25.3403,400,113.5513,250,156.2273,300,
2017.09.19   22.00,0.243,0.574,0,400,51.6593,250,69.196,300,
2017.09.19   23.00,0.279,1.55,5.1948,400,0.0148,250,0.0005,300,
2017.09.20   00.00,0.348,1.183,1.7302,400,0,250,0,300,
2017.09.20   01.00,0.234,1.196,1.7989,400,0,250,0,300,
2017.09.20   02.00,0.075,1.453,3.8848,400,0,250,0,300,
2017.09.20   03.00,0.169,0.739,0,400,0,250,0,300,
2017.09.20   04.00,0,0.889,0,400,0,250,0,300,
2017.09.20   05.00,0,1.028,1.0875,400,0,250,0,300,
2017.09.20   06.00,0.29,1.003,1.009,400,0,250,0,300,
2017.09.20   07.00,0.177,1.406,3.3746,400,0,250,0,300,
2017.09.20   08.00,0.02,1.926,16.0234,400,0,250,0,300,
2017.09.20   09.00,0,1.548,5.1637,400,0,250,0,300,
2017.09.20   10.00,0.09,2.994,392.8745,400,0.0809,250,0.0158,300,
2017.09.20   11.00,0.158,2.188,35.1256,400,70.1504,250,109.7215,300,
2017.09.20   12.00,0.033,1.642,6.8432,400,157.3613,250,221.243,300,
2017.09.20   13.00,0.002,2.768,199.6278,400,199.6382,250,270.0773,300,
2017.09.20   14.00,0.108,1.867,13.4274,400,196.3614,250,260.7771,300,
2017.09.20   15.00,0,0.182,0,400,231.0102,250,303.8633,300,
2017.09.20   16.00,0,1.098,1.3412,400,235.7152,250,308.7113,300,
2017.09.20   17.00,0.078,2.834,243.2703,400,216.9875,250,284.0841,300,
2017.09.20   18.00,0.103,0.792,0,400,206.1434,250,270.8388,300,
2017.09.20   19.00,0,2.101,27.0666,400,217.8095,250,288.5651,300,
2017.09.20   20.00,0,0.578,0,400,195.8046,250,263.5684,300,
2017.09.20   21.00,0.219,1.507,4.5669,400,120.5874,250,167.243,300,
2017.09.20   22.00,0.413,2.118,28.4808,400,37.4693,250,51.8957,300,
2017.09.20   23.00,0.561,2.525,96.3986,400,0.0061,250,0.0002,300,
2017.09.21   00.00,0.466,2.635,134.0245,400,0,250,0,300,
2017.09.21   01.00,0.601,2.277,45.858,400,0,250,0,300,
2017.09.21   02.00,0.843,1.421,3.5297,400,0,250,0,300,
2017.09.21   03.00,0.773,1.666,7.3534,400,0,250,0,300,
2017.09.21   04.00,0.55,1.505,4.5396,400,0,250,0,300,
2017.09.21   05.00,0.387,2.936,330.2129,400,0,250,0,300,
2017.09.21   06.00,0.322,3.068,400,400,0,250,0,300,
2017.09.21   07.00,0.096,1.072,1.2407,400,0,250,0,300,
2017.09.21   08.00,0.075,2.528,97.2689,400,0,250,0,300,
2017.09.21   09.00,0,1.701,8.1662,400,0,250,0,300,
2017.09.21   10.00,0.164,1.393,3.2457,400,0.0572,250,0.0139,300,
2017.09.21   11.00,0.195,0.886,0,400,64.9719,250,104.5673,300,
2017.09.21   12.00,0.17,2.317,51.696,400,134.041,250,189.7434,300,
2017.09.21   13.00,0.163,1.777,10.2542,400,166.7843,250,226.3939,300,
2017.09.21   14.00,0.222,2.079,25.3403,400,170.8075,250,227.3513,300,
2017.09.21   15.00,0.423,1.551,5.2104,400,132.9961,250,175.2527,300,
2017.09.21   16.00,0.449,1.577,5.6324,400,129.6036,250,170.0165,300,
2017.09.21   17.00,0.687,1.598,5.9981,400,73.4959,250,96.3828,300,
2017.09.21   18.00,0.513,1.378,3.1031,400,111.6166,250,146.9266,300,
2017.09.21   19.00,0.45,1.338,2.7526,400,119.3543,250,158.523,300,
2017.09.21   20.00,0.59,2.271,45.0411,400,79.7999,250,107.8399,300,
2017.09.21   21.00,0.724,2.675,151.0864,400,42.0467,250,58.8082,300,
2017.09.21   22.00,0.883,2.344,56.0511,400,6.9416,250,9.9875,300,
2017.09.21   23.00,0.838,1.423,3.5509,400,0.0015,250,0.0001,300,
2017.09.22   00.00,0.717,2.471,82.0002,400,0,250,0,300,
2017.09.22   01.00,0.88,1.44,3.7364,400,0,250,0,300,
2017.09.22   02.00,0.795,1.591,5.8737,400,0,250,0,300,
2017.09.22   03.00,0.803,1.019,1.0586,400,0,250,0,300,
2017.09.22   04.00,0.979,2.274,45.4477,400,0,250,0,300,
2017.09.22   05.00,0.905,2.57,110.3106,400,0,250,0,300,
2017.09.22   06.00,1,1.61,6.2177,400,0,250,0,300,
2017.09.22   07.00,0.731,2.67,148.8402,400,0,250,0,300,
2017.09.22   08.00,0.764,1.203,1.837,400,0,250,0,300,
2017.09.22   09.00,0.715,1.017,1.0522,400,0,250,0,300,
2017.09.22   10.00,0.957,2.966,361.2642,400,0.0023,250,0.0007,300,
2017.09.22   11.00,0.744,2.903,299.1301,400,19.9814,250,33.145,300,
2017.09.22   12.00,0.91,2.4,66.2891,400,14.421,250,20.5571,300,
2017.09.22   13.00,0.715,2.43,72.5225,400,56.5657,250,77.0472,300,
2017.09.22   14.00,0.714,1.322,2.6238,400,62.6189,250,83.5391,300,
2017.09.22   15.00,0.884,2.215,38.0848,400,26.6768,250,35.2169,300,
2017.09.22   16.00,0.984,1.97,18.281,400,3.7553,250,4.9345,300,
2017.09.22   17.00,0.746,2.765,197.8418,400,59.5043,250,78.1667,300,
2017.09.22   18.00,0.947,1.3,2.4565,400,12.1136,250,15.9769,300,
2017.09.22   19.00,0.765,1.849,12.7226,400,50.805,250,67.651,300,
2017.09.22   20.00,0.914,3.621,400,400,16.6357,250,22.5726,300,
2017.09.22   21.00,0.798,2.236,40.5577,400,30.3467,250,42.8221,300,
2017.09.22   22.00,0.975,1.444,3.7814,400,1.3687,250,2.0569,300,
2017.09.22   23.00,1,2.531,98.147,400,0,250,0,300,
2017.09.23   00.00,0.833,1.665,7.3314,400,0,250,0,300,
2017.09.23   01.00,0.675,1.706,8.2895,400,0,250,0,300,
2017.09.23   02.00,0.501,1.293,2.4055,400,0,250,0,300,
2017.09.23   03.00,0.49,1.233,2.0097,400,0,250,0,300,
2017.09.23   04.00,0.624,0.618,0,400,0,250,0,300,
2017.09.23   05.00,0.538,2.668,147.951,400,0,250,0,300,
2017.09.23   06.00,0.763,1.488,4.3142,400,0,250,0,300,
2017.09.23   07.00,0.655,2.083,25.6458,400,0,250,0,300,
2017.09.23   08.00,0.814,2.861,263.7648,400,0,250,0,300,
2017.09.23   09.00,0.864,1.69,7.9015,400,0,250,0,300,
2017.09.23   10.00,0.949,2.348,56.7268,400,0.0021,250,0.0008,300,
2017.09.23   11.00,1,1.224,1.9563,400,0,250,0,300,
2017.09.23   12.00,1,2.378,62.0611,400,0,250,0,300,
2017.09.23   13.00,0.852,0.748,0,400,29.2556,250,39.9886,300,
2017.09.23   14.00,0.874,1.41,3.4153,400,27.5104,250,36.7868,300,
2017.09.23   15.00,0.855,2.474,82.7405,400,33.2687,250,44.0006,300,
2017.09.23   16.00,0.688,1.402,3.3344,400,73.0671,250,96.1721,300,
2017.09.23   17.00,0.9,0.552,0,400,23.3717,250,30.7549,300,
2017.09.23   18.00,1,1.456,3.9199,400,0,250,0,300,
2017.09.23   19.00,0.871,1.164,1.6344,400,27.7814,250,37.0905,300,
2017.09.23   20.00,0.631,2.955,349.5535,400,70.9289,250,96.6453,300,
2017.09.23   21.00,0.539,2.234,40.3154,400,68.2577,250,97.2213,300,
2017.09.23   22.00,0.773,2.21,37.5186,400,11.3752,250,17.9667,300,
2017.09.23   23.00,0.6,1.744,9.2889,400,0.0018,250,0.0001,300,
2017.09.24   00.00,0.699,2.233,40.1948,400,0,250,0,300,
2017.09.24   01.00,0.894,1.764,9.8625,400,0,250,0,300,
2017.09.24   02.00,0.917,2.378,62.0611,400,0,250,0,300,
2017.09.24   03.00,0.751,1.828,11.9468,400,0,250,0,300,
2017.09.24   04.00,0.691,1.404,3.3544,400,0,250,0,300,
2017.09.24   05.00,0.567,1.414,3.4564,400,0,250,0,300,
2017.09.24   06.00,0.637,2.221,38.7755,400,0,250,0,300,
2017.09.24   07.00,0.824,1.164,1.6344,400,0,250,0,300,
2017.09.24   08.00,0.707,1.663,7.2876,400,0,250,0,300,
2017.09.24   09.00,0.763,1.372,3.0478,400,0,250,0,300,
2017.09.24   10.00,0.996,1.349,2.8449,400,0.0001,250,0.0001,300,
2017.09.24   11.00,0.913,1.989,19.3517,400,6.3138,250,11.187,300,
2017.09.24   12.00,0.804,1.735,9.0418,400,30.8954,250,44.6883,300,
2017.09.24   13.00,0.565,1.74,9.1783,400,85.6317,250,117.4674,300,
2017.09.24   14.00,0.512,2.447,76.3116,400,106.2448,250,142.4073,300,
2017.09.24   15.00,0.645,1.635,6.7012,400,81.2586,250,107.6738,300,
2017.09.24   16.00,0.436,2.724,174.9749,400,131.7859,250,173.7568,300,
2017.09.24   17.00,0.364,0.96,0,400,148.2873,250,195.4753,300,
2017.09.24   18.00,0.57,1.529,4.878,400,97.7217,250,129.4063,300,
2017.09.24   19.00,0.773,2.782,208.1783,400,48.6946,250,65.1865,300,
2017.09.24   20.00,1,1.877,13.8358,400,0,250,0,300,
2017.09.24   21.00,1,0.81,0,400,0,250,0,300,
2017.09.24   22.00,0.959,1.226,1.968,400,1.863,250,3.1155,300,
2017.09.24   23.00,0.784,2.639,135.6401,400,0.0007,250,0.0001,300,
2017.09.25   00.00,0.671,1.642,6.8432,400,0,250,0,300,
2017.09.25   01.00,0.874,1.963,17.9016,400,0,250,0,300,
2017.09.25   02.00,0.935,0.991,0,400,0,250,0,300,
2017.09.25   03.00,1,1.043,1.1375,400,0,250,0,300,
2017.09.25   04.00,0.775,1.096,1.3332,400,0,250,0,300,
2017.09.25   05.00,0.537,0.967,0,400,0,250,0,300,
2017.09.25   06.00,0.304,1.391,3.2263,400,0,250,0,300,
2017.09.25   07.00,0.277,1.643,6.8638,400,0,250,0,300,
2017.09.25   08.00,0.056,1.377,3.0938,400,0,250,0,300,
2017.09.25   09.00,0.014,1.982,18.9501,400,0,250,0,300,
2017.09.25   10.00,0,2.607,123.241,400,0.0242,250,0.0141,300,
2017.09.25   11.00,0,2.735,180.8369,400,69.7526,250,128.1228,300,
2017.09.25   12.00,0,1.192,1.7775,400,156.2863,250,227.7838,300,
2017.09.25   13.00,0.151,1.485,4.2756,400,166.4216,250,229.1284,300,
2017.09.25   14.00,0.206,2.256,43.062,400,172.363,250,231.5878,300,
2017.09.25   15.00,0,2.1,26.9857,400,228.3459,250,303.1556,300,
2017.09.25   16.00,0,1.199,1.8151,400,233.1276,250,307.9105,300,
2017.09.25   17.00,0,1.858,13.0703,400,232.5856,250,307.1485,300,
2017.09.25   18.00,0.325,1.824,11.8045,400,152.9506,250,202.9621,300,
2017.09.25   19.00,0.449,1.697,8.069,400,117.7224,250,158.0275,300,
2017.09.25   20.00,0.261,3.125,400,400,140.1919,250,192.7073,300,
2017.09.25   21.00,0.453,2.164,32.6888,400,78.5275,250,114.1306,300,
2017.09.25   22.00,0.289,2.097,26.7442,400,28.9834,250,51.757,300,
2017.09.25   23.00,0.497,1.466,4.0391,400,0.0011,250,0.0001,300,
2017.09.26   00.00,0.381,1.408,3.3949,400,0,250,0,300,
2017.09.26   01.00,0.578,2.641,136.4552,400,0,250,0,300,
2017.09.26   02.00,0.779,3.033,400,400,0,250,0,300,
2017.09.26   03.00,1,2.369,60.4102,400,0,250,0,300,
2017.09.26   04.00,1,2.781,207.5556,400,0,250,0,300,
2017.09.26   05.00,1,1.115,1.4113,400,0,250,0,300,
2017.09.26   06.00,0.698,1.991,19.468,400,0,250,0,300,
2017.09.26   07.00,0.556,2.665,146.6273,400,0,250,0,300,
2017.09.26   08.00,0.751,2.383,62.9977,400,0,250,0,300,
2017.09.26   09.00,0.984,2.796,217.095,400,0,250,0,300,
2017.09.26   10.00,0.977,2.214,37.9709,400,0.0004,250,0.0003,300,
2017.09.26   11.00,1,1.992,19.5264,400,0,250,0,300,
2017.09.26   12.00,1,1.991,19.468,400,0,250,0,300,
2017.09.26   13.00,1,1.604,6.1069,400,0,250,0,300,
2017.09.26   14.00,0.797,1.689,7.8779,400,43.9369,250,59.1788,300,
2017.09.26   15.00,0.71,1.192,1.7775,400,66.0576,250,87.8701,300,
2017.09.26   16.00,0.568,1.203,1.837,400,100.476,250,132.9425,300,
2017.09.26   17.00,0.645,0.553,0,400,82.362,250,108.9643,300,
2017.09.26   18.00,0.526,1.342,2.7858,400,107.0842,250,142.399,300,
2017.09.26   19.00,0.472,2.982,379.002,400,112.3456,250,151.2361,300,
2017.09.26   20.00,0.394,1.426,3.5829,400,114.1763,250,157.6718,300,
2017.09.26   21.00,0.52,0.974,0,400,67.7859,250,99.6017,300,
2017.09.26   22.00,0.371,2.107,27.5575,400,22.724,250,43.7641,300,
2017.09.26   23.00,0.381,1.996,19.7618,400,0.0009,250,0.0001,300,
2017.09.27   00.00,0.211,2.037,22.3444,400,0,250,0,300,
2017.09.27   01.00,0.349,1.284,2.3415,400,0,250,0,300,
2017.09.27   02.00,0.275,1.332,2.7036,400,0,250,0,300,
2017.09.27   03.00,0.275,1.793,10.7576,400,0,250,0,300,
2017.09.27   04.00,0.167,2.827,238.222,400,0,250,0,300,
2017.09.27   05.00,0.36,3.666,400,400,0,250,0,300,
2017.09.27   06.00,0.16,0.58,0,400,0,250,0,300,
2017.09.27   07.00,0.191,2.086,25.8773,400,0,250,0,300,
2017.09.27   08.00,0,1.675,7.5543,400,0,250,0,300,
2017.09.27   09.00,0.204,0.405,0,400,0,250,0,300,
2017.09.27   10.00,0.222,1.992,19.5264,400,0.0113,250,0.0101,300,
2017.09.27   11.00,0.294,2.164,32.6888,400,45.1544,250,89.7693,300,
2017.09.27   12.00,0.372,2.635,134.0245,400,96.4067,250,142.7588,300,
2017.09.27   13.00,0.434,2.486,85.769,400,109.977,250,152.561,300,
2017.09.27   14.00,0.469,2.997,396.4212,400,114.5804,250,154.7148,300,
2017.09.27   15.00,0.298,0.583,0,400,159.5044,250,212.5939,300,
2017.09.27   16.00,0.158,1.723,8.7226,400,195.3693,250,258.9651,300,
2017.09.27   17.00,0.262,1.564,5.4173,400,170.7852,250,226.367,300,
2017.09.27   18.00,0.276,1.715,8.516,400,163.0648,250,217.3089,300,
2017.09.27   19.00,0.23,1.912,15.3652,400,163.1508,250,220.2642,300,
2017.09.27   20.00,0.074,2.4,66.2891,400,173.2444,250,240.3843,300,
2017.09.27   21.00,0,2.852,256.7483,400,138.821,250,206.3442,300,
2017.09.27   22.00,0,0.932,0,400,31.5754,250,66.3405,300,
2017.09.27   23.00,0,2.094,26.5049,400,0.001,250,0.0001,300,
2017.09.28   00.00,0.191,2.161,32.3963,400,0,250,0,300,
2017.09.28   01.00,0.144,2.169,33.1821,400,0,250,0,300,
2017.09.28   02.00,0.364,1.967,18.1174,400,0,250,0,300,
2017.09.28   03.00,0.601,2.772,202.0343,400,0,250,0,300,
2017.09.28   04.00,0.657,1.846,12.6087,400,0,250,0,300,
2017.09.28   05.00,0.413,1.815,11.4905,400,0,250,0,300,
2017.09.28   06.00,0.437,1.577,5.6324,400,0,250,0,300,
2017.09.28   07.00,0.49,1.868,13.4677,400,0,250,0,300,
2017.09.28   08.00,0.585,2.774,203.2484,400,0,250,0,300,
2017.09.28   09.00,0.535,1.939,16.6597,400,0,250,0,300,
2017.09.28   10.00,0.36,1.309,2.5236,400,0.0072,250,0.0079,300,
2017.09.28   11.00,0.441,2.63,132.0319,400,34.0922,250,70.7934,300,
2017.09.28   12.00,0.265,1.754,9.5714,400,111.781,250,166.9031,300,
2017.09.28   13.00,0.251,1.254,2.1402,400,144.8746,250,201.7534,300,
2017.09.28   14.00,0.313,2.103,27.2293,400,147.7842,250,200.0567,300,
2017.09.28   15.00,0.474,1.362,2.9578,400,119.2095,250,159.2074,300,
2017.09.28   16.00,0.721,1.277,2.2929,400,64.5795,250,85.7583,300,
2017.09.28   17.00,0.97,0.807,0,400,6.9245,250,9.1954,300,
2017.09.28   18.00,0.738,1.751,9.4858,400,58.8264,250,78.5677,300,
2017.09.28   19.00,0.893,2.904,300.0275,400,22.5746,250,30.5675,300,
2017.09.28   20.00,0.8,0.9,0,400,37.1484,250,51.7994,300,
2017.09.28   21.00,0.649,2.474,82.7405,400,47.8624,250,72.015,300,
2017.09.28   22.00,0.683,2.188,35.1256,400,8.6113,250,19.9999,300,
2017.09.28   23.00,0.834,1.675,7.5543,400,0.0001,250,0,300,
2017.09.29   00.00,0.979,2.859,262.1892,400,0,250,0,300,
2017.09.29   01.00,0.946,2.456,78.397,400,0,250,0,300,
2017.09.29   02.00,0.857,1.326,2.6554,400,0,250,0,300,
2017.09.29   03.00,1,2.261,43.7118,400,0,250,0,300,
2017.09.29   04.00,0.83,3.373,400,400,0,250,0,300,
2017.09.29   05.00,1,1.156,1.5957,400,0,250,0,300,
2017.09.29   06.00,0.839,1.624,6.484,400,0,250,0,300,
2017.09.29   07.00,0.967,1.632,6.6413,400,0,250,0,300,
2017.09.29   08.00,0.896,0.833,0,400,0,250,0,300,
2017.09.29   09.00,0.832,0.252,0,400,0,250,0,300,
2017.09.29   10.00,1,2.298,48.8357,400,0,250,0,300,
2017.09.29   11.00,0.866,1.157,1.6005,400,7.7684,250,16.8997,300,
2017.09.29   12.00,0.703,2.025,21.5554,400,44.7346,250,67.3673,300,
2017.09.29   13.00,0.915,2.267,44.5046,400,16.3647,250,22.8802,300,
2017.09.29   14.00,0.718,1.497,4.4321,400,60.4711,250,82.0722,300,
2017.09.29   15.00,0.838,1.381,3.1311,400,36.6191,250,49.006,300,
2017.09.29   16.00,0.694,1.187,1.751,400,70.6542,250,94.0005,300,
2017.09.29   17.00,0.661,2.598,119.9626,400,78.0409,250,103.8341,300,
2017.09.29   18.00,0.74,3.382,400,400,58.1925,250,77.8956,300,
2017.09.29   19.00,0.817,2.239,40.9238,400,38.4401,250,52.2087,300,
2017.09.29   20.00,0.8,2.271,45.0411,400,36.8739,250,51.6787,300,
2017.09.29   21.00,0.978,1.607,6.1621,400,2.9444,250,4.4876,300,
2017.09.29   22.00,0.918,2.806,223.697,400,1.8827,250,4.9066,300,
2017.09.29   23.00,0.865,1.15,1.5673,400,0.0001,250,0,300,
2017.09.30   00.00,1,1.333,2.7117,400,0,250,0,300,
2017.09.30   01.00,0.815,1.612,6.255,400,0,250,0,300,
2017.09.30   02.00,0.566,0.582,0,400,0,250,0,300,
2017.09.30   03.00,0.737,1.528,4.8634,400,0,250,0,300,
2017.09.30   04.00,0.691,2.047,23.0239,400,0,250,0,300,
2017.09.30   05.00,0.75,1.737,9.0962,400,0,250,0,300,
2017.09.30   06.00,0.532,1.26,2.1791,400,0,250,0,300,
2017.09.30   07.00,0.292,1.844,12.5334,400,0,250,0,300,
2017.09.30   08.00,0.194,2.014,20.8566,400,0,250,0,300,
2017.09.30   09.00,0.242,2.016,20.982,400,0,250,0,300,
2017.09.30   10.00,0.009,2.303,49.5726,400,0.0068,250,0.0112,300,
2017.09.30   11.00,0.118,1.394,3.2554,400,48.4379,250,110.7558,300,
2017.09.30   12.00,0,2.453,77.6956,400,149.1285,250,226.5633,300,
2017.09.30   13.00,0.169,1.592,5.8913,400,159.2283,250,223.5275,300,
2017.09.30   14.00,0.345,1.605,6.1252,400,140.0037,250,190.5158,300,
2017.09.30   15.00,0.573,1.013,1.0397,400,96.2647,250,129.0959,300,
2017.09.30   16.00,0.737,2.915,310.0791,400,60.573,250,80.7411,300,
2017.09.30   17.00,0.501,1.408,3.3949,400,114.5661,250,152.7296,300,
2017.09.30   18.00,0.543,1.496,4.4189,400,101.9547,250,136.7875,300,
2017.09.30   19.00,0.516,2.249,42.1683,400,101.2131,250,137.8937,300,
2017.09.30   20.00,0.526,1.157,1.6005,400,86.7279,250,122.1892,300,
2017.09.30   21.00,0.589,1.64,6.8024,400,53.9438,250,83.3441,300,
2017.09.30   22.00,0.354,1.906,15.0915,400,12.2903,250,36.5536,300,
2017.09.30   23.00,0.546,1.547,5.1483,400,0.0002,250,0,300,
